condition	params_json	final_balance	total_trades	win_rate	sharpe_ratio	max_drawdown_pct
rsi_oversold	"{""leverage"": 10.0, ""period"": 14, ""stop_loss_pct"": 4.5, ""threshold"": 25}"	7074396.76	38.0	78.9	2.79	-48.8
keltner_lower_break	"{""leverage"": 5.0, ""multiplier"": 3.0, ""period"": 20, ""stop_loss_pct"": 5.5}"	2057025.67	68.0	72.1	3.23	-47.1
keltner_lower_break	"{""leverage"": 5.0, ""multiplier"": 3.0, ""period"": 20, ""stop_loss_pct"": 5.5}"	2057025.67	68.0	72.1	3.23	-47.1
keltner_lower_break	"{""leverage"": 4.0, ""multiplier"": 3.0, ""period"": 20, ""stop_loss_pct"": 6.5}"	1394921.92	68.0	75.0	3.56	-44.9
keltner_lower_break	"{""leverage"": 4.0, ""multiplier"": 3.0, ""period"": 20, ""stop_loss_pct"": 6.5}"	1394921.92	68.0	75.0	3.56	-44.9
keltner_lower_break	"{""leverage"": 5.0, ""multiplier"": 3.0, ""period"": 10, ""stop_loss_pct"": 5.5}"	1381003.09	71.0	70.4	3.18	-47.1
keltner_lower_break	"{""leverage"": 5.0, ""multiplier"": 3.0, ""period"": 10, ""stop_loss_pct"": 5.5}"	1381003.09	71.0	70.4	3.18	-47.1
keltner_lower_break	"{""leverage"": 5.0, ""multiplier"": 3.0, ""period"": 10, ""stop_loss_pct"": 5.5}"	1381003.09	71.0	70.4	3.18	-47.1
keltner_lower_break	"{""leverage"": 5.0, ""multiplier"": 3.0, ""period"": 10, ""stop_loss_pct"": 5.5}"	1381003.09	71.0	70.4	3.18	-47.1
keltner_lower_break	"{""leverage"": 4.0, ""multiplier"": 3.0, ""period"": 20, ""stop_loss_pct"": 7.0}"	1222783.47	68.0	75.0	3.51	-47.8
keltner_lower_break	"{""leverage"": 4.0, ""multiplier"": 3.0, ""period"": 15, ""stop_loss_pct"": 7.0}"	1039158.81	75.0	73.3	3.4	-47.8
keltner_lower_break	"{""leverage"": 4.0, ""multiplier"": 3.0, ""period"": 10, ""stop_loss_pct"": 6.5}"	952704.77	71.0	73.2	3.5	-44.9
keltner_lower_break	"{""leverage"": 4.0, ""multiplier"": 3.0, ""period"": 10, ""stop_loss_pct"": 6.5}"	952704.77	71.0	73.2	3.5	-44.9
keltner_lower_break	"{""leverage"": 4.0, ""multiplier"": 3.0, ""period"": 15, ""stop_loss_pct"": 6.5}"	886842.3	75.0	72.0	3.34	-44.9
keltner_lower_break	"{""leverage"": 4.0, ""multiplier"": 3.0, ""period"": 10, ""stop_loss_pct"": 7.0}"	820308.31	71.0	73.2	3.43	-47.8
keltner_lower_break	"{""leverage"": 4.0, ""multiplier"": 3.0, ""period"": 10, ""stop_loss_pct"": 7.0}"	820308.31	71.0	73.2	3.43	-47.8
keltner_lower_break	"{""leverage"": 4.0, ""multiplier"": 3.0, ""period"": 10, ""stop_loss_pct"": 7.0}"	820308.31	71.0	73.2	3.43	-47.8
keltner_lower_break	"{""leverage"": 5.0, ""multiplier"": 3.0, ""period"": 25, ""stop_loss_pct"": 5.5}"	810481.38	59.0	72.9	3.1	-47.1
keltner_lower_break	"{""leverage"": 5.0, ""multiplier"": 3.0, ""period"": 25, ""stop_loss_pct"": 5.5}"	810481.38	59.0	72.9	3.1	-47.1
keltner_lower_break	"{""leverage"": 5.0, ""multiplier"": 3.0, ""period"": 25, ""stop_loss_pct"": 5.5}"	810481.38	59.0	72.9	3.1	-47.1
keltner_lower_break	"{""leverage"": 4.0, ""multiplier"": 3.0, ""period"": 20, ""stop_loss_pct"": 5.5}"	645338.7	68.0	72.1	3.26	-38.9
keltner_lower_break	"{""leverage"": 4.0, ""multiplier"": 3.0, ""period"": 20, ""stop_loss_pct"": 5.5}"	645338.7	68.0	72.1	3.26	-38.9
keltner_lower_break	"{""leverage"": 4.0, ""multiplier"": 3.0, ""period"": 20, ""stop_loss_pct"": 6.0}"	643278.17	68.0	72.1	3.25	-42.0
keltner_lower_break	"{""leverage"": 4.0, ""multiplier"": 3.0, ""period"": 20, ""stop_loss_pct"": 6.0}"	643278.17	68.0	72.1	3.25	-42.0
keltner_lower_break	"{""leverage"": 4.0, ""multiplier"": 2.5, ""period"": 25, ""stop_loss_pct"": 7.0}"	622310.91	76.0	71.1	3.22	-47.8
keltner_lower_break	"{""leverage"": 4.0, ""multiplier"": 2.5, ""period"": 25, ""stop_loss_pct"": 7.0}"	622310.91	76.0	71.1	3.22	-47.8
keltner_lower_break	"{""leverage"": 4.0, ""multiplier"": 2.5, ""period"": 25, ""stop_loss_pct"": 7.0}"	622310.91	76.0	71.1	3.22	-47.8
keltner_lower_break	"{""leverage"": 4.0, ""multiplier"": 2.5, ""period"": 25, ""stop_loss_pct"": 7.0}"	622310.91	76.0	71.1	3.22	-47.8
rsi_oversold	"{""leverage"": 5.0, ""period"": 14, ""stop_loss_pct"": 5.5, ""threshold"": 30}"	619219.55	68.0	69.1	2.97	-47.1
rsi_oversold	"{""leverage"": 5.0, ""period"": 14, ""stop_loss_pct"": 6.5, ""threshold"": 25}"	562144.78	38.0	81.6	3.18	-32.2
keltner_lower_break	"{""leverage"": 4.0, ""multiplier"": 3.0, ""period"": 25, ""stop_loss_pct"": 6.5}"	560042.76	59.0	76.3	3.42	-44.9
rsi_oversold	"{""leverage"": 5.0, ""period"": 14, ""stop_loss_pct"": 7.0, ""threshold"": 25}"	541649.11	38.0	81.6	3.16	-34.7
keltner_lower_break	"{""leverage"": 4.0, ""multiplier"": 2.5, ""period"": 25, ""stop_loss_pct"": 6.5}"	534515.12	76.0	69.7	3.16	-44.9
keltner_lower_break	"{""leverage"": 4.0, ""multiplier"": 2.5, ""period"": 25, ""stop_loss_pct"": 6.5}"	534515.12	76.0	69.7	3.16	-44.9
rsi_oversold	"{""leverage"": 5.0, ""period"": 14, ""stop_loss_pct"": 7.5, ""threshold"": 25}"	521153.44	38.0	81.6	3.15	-37.2
rsi_oversold	"{""leverage"": 5.0, ""period"": 14, ""stop_loss_pct"": 7.5, ""threshold"": 25}"	521153.44	38.0	81.6	3.15	-37.2
keltner_lower_break	"{""leverage"": 4.0, ""multiplier"": 3.0, ""period"": 25, ""stop_loss_pct"": 7.0}"	506266.18	59.0	76.3	3.37	-47.8
keltner_lower_break	"{""leverage"": 4.0, ""multiplier"": 3.0, ""period"": 25, ""stop_loss_pct"": 7.0}"	506266.18	59.0	76.3	3.37	-47.8
keltner_lower_break	"{""leverage"": 4.0, ""multiplier"": 3.0, ""period"": 25, ""stop_loss_pct"": 7.0}"	506266.18	59.0	76.3	3.37	-47.8
rsi_oversold	"{""leverage"": 5.0, ""period"": 14, ""stop_loss_pct"": 8.0, ""threshold"": 25}"	500657.76	38.0	81.6	3.13	-39.7
keltner_lower_break	"{""leverage"": 4.0, ""multiplier"": 3.0, ""period"": 15, ""stop_loss_pct"": 5.5}"	483708.03	75.0	69.3	3.11	-47.5
keltner_lower_break	"{""leverage"": 4.0, ""multiplier"": 3.0, ""period"": 10, ""stop_loss_pct"": 5.5}"	481813.78	71.0	70.4	3.22	-38.9
rsi_oversold	"{""leverage"": 5.0, ""period"": 14, ""stop_loss_pct"": 8.5, ""threshold"": 25}"	480162.09	38.0	81.6	3.11	-42.1
keltner_lower_break	"{""leverage"": 4.0, ""multiplier"": 3.0, ""period"": 10, ""stop_loss_pct"": 6.0}"	475371.25	71.0	70.4	3.21	-42.0
rsi_oversold	"{""leverage"": 5.0, ""period"": 14, ""stop_loss_pct"": 9.0, ""threshold"": 25}"	459666.42	38.0	81.6	3.1	-44.6
rsi_oversold	"{""leverage"": 5.0, ""period"": 10, ""stop_loss_pct"": 7.5, ""threshold"": 20}"	440330.29	49.0	75.5	2.94	-37.2
rsi_oversold	"{""leverage"": 5.0, ""period"": 14, ""stop_loss_pct"": 9.5, ""threshold"": 25}"	439170.74	38.0	81.6	3.08	-47.1
rsi_oversold	"{""leverage"": 5.0, ""period"": 14, ""stop_loss_pct"": 9.5, ""threshold"": 25}"	439170.74	38.0	81.6	3.08	-47.1
rsi_oversold	"{""leverage"": 5.0, ""period"": 14, ""stop_loss_pct"": 10.0, ""threshold"": 25}"	418675.07	38.0	81.6	3.06	-49.6
rsi_oversold	"{""leverage"": 5.0, ""period"": 14, ""stop_loss_pct"": 4.5, ""threshold"": 30}"	410488.28	68.0	67.6	2.83	-40.5
keltner_lower_break	"{""leverage"": 5.0, ""multiplier"": 3.0, ""period"": 25, ""stop_loss_pct"": 5.0}"	406407.57	59.0	69.5	2.85	-43.5
keltner_lower_break	"{""leverage"": 5.0, ""multiplier"": 3.0, ""period"": 25, ""stop_loss_pct"": 4.5}"	404574.88	59.0	69.5	2.85	-39.7
rsi_oversold	"{""leverage"": 4.0, ""period"": 14, ""stop_loss_pct"": 6.5, ""threshold"": 30}"	402953.67	68.0	72.1	3.22	-44.9
rsi_oversold	"{""leverage"": 5.0, ""period"": 10, ""stop_loss_pct"": 8.0, ""threshold"": 20}"	392483.69	49.0	75.5	2.9	-39.7
keltner_lower_break	"{""leverage"": 4.0, ""multiplier"": 3.0, ""period"": 20, ""stop_loss_pct"": 5.0}"	391114.89	68.0	69.1	3.06	-47.6
keltner_lower_break	"{""leverage"": 4.0, ""multiplier"": 3.0, ""period"": 20, ""stop_loss_pct"": 5.0}"	391114.89	68.0	69.1	3.06	-47.6
rsi_oversold	"{""leverage"": 5.0, ""period"": 14, ""stop_loss_pct"": 5.0, ""threshold"": 30}"	375700.56	68.0	67.6	2.8	-44.3
rsi_oversold	"{""leverage"": 5.0, ""period"": 14, ""stop_loss_pct"": 5.0, ""threshold"": 30}"	375700.56	68.0	67.6	2.8	-44.3
rsi_oversold	"{""leverage"": 5.0, ""period"": 14, ""stop_loss_pct"": 6.0, ""threshold"": 25}"	352740.49	38.0	78.9	3.0	-29.8
rsi_oversold	"{""leverage"": 5.0, ""period"": 14, ""stop_loss_pct"": 6.0, ""threshold"": 25}"	352740.49	38.0	78.9	3.0	-29.8
rsi_oversold	"{""leverage"": 5.0, ""period"": 14, ""stop_loss_pct"": 6.0, ""threshold"": 25}"	352740.49	38.0	78.9	3.0	-29.8
rsi_oversold	"{""leverage"": 5.0, ""period"": 10, ""stop_loss_pct"": 8.5, ""threshold"": 20}"	348318.96	49.0	75.5	2.86	-42.1
keltner_lower_break	"{""leverage"": 5.0, ""multiplier"": 3.0, ""period"": 20, ""stop_loss_pct"": 4.0}"	347204.05	68.0	64.7	2.7	-48.6
keltner_lower_break	"{""leverage"": 5.0, ""multiplier"": 3.0, ""period"": 20, ""stop_loss_pct"": 4.0}"	347204.05	68.0	64.7	2.7	-48.6
rsi_oversold	"{""leverage"": 4.0, ""period"": 14, ""stop_loss_pct"": 7.0, ""threshold"": 30}"	337058.17	68.0	72.1	3.13	-47.8
rsi_oversold	"{""leverage"": 4.0, ""period"": 14, ""stop_loss_pct"": 7.0, ""threshold"": 30}"	337058.17	68.0	72.1	3.13	-47.8
rsi_oversold	"{""leverage"": 4.0, ""period"": 14, ""stop_loss_pct"": 7.0, ""threshold"": 30}"	337058.17	68.0	72.1	3.13	-47.8
rsi_oversold	"{""leverage"": 4.0, ""period"": 14, ""stop_loss_pct"": 7.0, ""threshold"": 30}"	337058.17	68.0	72.1	3.13	-47.8
rsi_oversold	"{""leverage"": 4.0, ""period"": 14, ""stop_loss_pct"": 7.0, ""threshold"": 30}"	337058.17	68.0	72.1	3.13	-47.8
rsi_oversold	"{""leverage"": 4.0, ""period"": 14, ""stop_loss_pct"": 7.0, ""threshold"": 30}"	337058.17	68.0	72.1	3.13	-47.8
rsi_oversold	"{""leverage"": 4.0, ""period"": 14, ""stop_loss_pct"": 7.0, ""threshold"": 30}"	337058.17	68.0	72.1	3.13	-47.8
rsi_oversold	"{""leverage"": 4.0, ""period"": 14, ""stop_loss_pct"": 7.0, ""threshold"": 30}"	337058.17	68.0	72.1	3.13	-47.8
rsi_oversold	"{""leverage"": 4.0, ""period"": 14, ""stop_loss_pct"": 7.0, ""threshold"": 30}"	337058.17	68.0	72.1	3.13	-47.8
rsi_oversold	"{""leverage"": 4.0, ""period"": 14, ""stop_loss_pct"": 7.0, ""threshold"": 30}"	337058.17	68.0	72.1	3.13	-47.8
rsi_oversold	"{""leverage"": 4.0, ""period"": 14, ""stop_loss_pct"": 7.0, ""threshold"": 30}"	337058.17	68.0	72.1	3.13	-47.8
keltner_lower_break	"{""leverage"": 4.0, ""multiplier"": 3.0, ""period"": 25, ""stop_loss_pct"": 6.0}"	314737.59	59.0	72.9	3.17	-42.0
keltner_lower_break	"{""leverage"": 4.0, ""multiplier"": 3.0, ""period"": 15, ""stop_loss_pct"": 5.0}"	312918.15	75.0	66.7	2.95	-47.1
keltner_lower_break	"{""leverage"": 5.0, ""multiplier"": 3.0, ""period"": 15, ""stop_loss_pct"": 4.0}"	310189.26	75.0	62.7	2.65	-48.6
keltner_lower_break	"{""leverage"": 5.0, ""multiplier"": 3.0, ""period"": 15, ""stop_loss_pct"": 4.0}"	310189.26	75.0	62.7	2.65	-48.6
keltner_lower_break	"{""leverage"": 3.0, ""multiplier"": 3.0, ""period"": 20, ""stop_loss_pct"": 6.5}"	308183.29	68.0	75.0	3.61	-35.0
keltner_lower_break	"{""leverage"": 3.0, ""multiplier"": 3.0, ""period"": 20, ""stop_loss_pct"": 6.5}"	308183.29	68.0	75.0	3.61	-35.0
keltner_lower_break	"{""leverage"": 3.0, ""multiplier"": 3.0, ""period"": 20, ""stop_loss_pct"": 6.5}"	308183.29	68.0	75.0	3.61	-35.0
rsi_oversold	"{""leverage"": 5.0, ""period"": 10, ""stop_loss_pct"": 9.0, ""threshold"": 20}"	307685.06	49.0	75.5	2.82	-44.6
keltner_lower_break	"{""leverage"": 4.0, ""multiplier"": 3.0, ""period"": 20, ""stop_loss_pct"": 4.5}"	305368.75	68.0	67.6	2.97	-43.6
keltner_lower_break	"{""leverage"": 4.0, ""multiplier"": 3.0, ""period"": 25, ""stop_loss_pct"": 5.5}"	298340.08	59.0	72.9	3.15	-38.9
keltner_lower_break	"{""leverage"": 4.0, ""multiplier"": 3.0, ""period"": 10, ""stop_loss_pct"": 5.0}"	298244.09	71.0	67.6	3.03	-46.6
keltner_lower_break	"{""leverage"": 5.0, ""multiplier"": 3.0, ""period"": 10, ""stop_loss_pct"": 4.0}"	294836.66	71.0	63.4	2.72	-48.6
rsi_oversold	"{""leverage"": 5.0, ""period"": 10, ""stop_loss_pct"": 6.5, ""threshold"": 20}"	292476.68	49.0	73.5	2.8	-32.4
rsi_oversold	"{""leverage"": 5.0, ""period"": 10, ""stop_loss_pct"": 6.5, ""threshold"": 20}"	292476.68	49.0	73.5	2.8	-32.4
rsi_oversold	"{""leverage"": 5.0, ""period"": 14, ""stop_loss_pct"": 5.5, ""threshold"": 25}"	292297.12	38.0	78.9	2.92	-29.9
keltner_lower_break	"{""leverage"": 3.0, ""multiplier"": 3.0, ""period"": 20, ""stop_loss_pct"": 7.0}"	281999.01	68.0	75.0	3.55	-37.3
keltner_lower_break	"{""leverage"": 3.0, ""multiplier"": 3.0, ""period"": 20, ""stop_loss_pct"": 7.0}"	281999.01	68.0	75.0	3.55	-37.3
rsi_oversold	"{""leverage"": 4.0, ""period"": 10, ""stop_loss_pct"": 6.5, ""threshold"": 25}"	273735.23	77.0	68.8	3.02	-44.9
rsi_oversold	"{""leverage"": 4.0, ""period"": 10, ""stop_loss_pct"": 6.5, ""threshold"": 25}"	273735.23	77.0	68.8	3.02	-44.9
keltner_lower_break	"{""leverage"": 4.0, ""multiplier"": 2.5, ""period"": 25, ""stop_loss_pct"": 6.0}"	270624.15	76.0	67.1	2.9	-42.0
rsi_oversold	"{""leverage"": 5.0, ""period"": 10, ""stop_loss_pct"": 9.5, ""threshold"": 20}"	270430.91	49.0	75.5	2.78	-47.1
keltner_lower_break	"{""leverage"": 4.0, ""multiplier"": 2.5, ""period"": 25, ""stop_loss_pct"": 5.5}"	267896.83	76.0	67.1	2.9	-39.9
rsi_oversold	"{""leverage"": 5.0, ""period"": 14, ""stop_loss_pct"": 4.5, ""threshold"": 25}"	261549.6	38.0	78.9	2.88	-25.2
rsi_oversold	"{""leverage"": 5.0, ""period"": 14, ""stop_loss_pct"": 4.5, ""threshold"": 25}"	261549.6	38.0	78.9	2.88	-25.2
keltner_lower_break	"{""leverage"": 3.0, ""multiplier"": 3.0, ""period"": 15, ""stop_loss_pct"": 7.0}"	261197.15	75.0	73.3	3.45	-37.3