rule	exit	sl%	lev	train $	test $	all $	maxDD	list
roc|40<-0.5 & macdneg|19/39/9<-0.0005 & stoch|40<30	15:59	0	5	20826.244	379141.188	15792181.000	-0.802	A_raw
roc|30<-2 & macdneg|19/39/9<-0.0005 & stoch|40<30	15:59	15	5	28939.342	153193.234	8866632.000	-0.497	A_raw
roc|30<-2 & macdneg|19/39/9<-0.0005 & stoch|40<30	15:59	0	5	28939.342	153193.234	8866632.000	-0.497	A_raw
roc|30<-2 & macdneg|19/39/9<-0.0005 & rsi|14<45	15:59	0	5	25663.785	153193.234	7863044.500	-0.497	A_raw
roc|30<-2 & macdneg|19/39/9<-0.0005 & rsi|14<45	15:59	15	5	25663.785	153193.234	7863044.500	-0.497	A_raw
roc|30<-2 & macdneg|19/39/9<-0.0005 & rsi|14<40	15:59	15	5	25095.934	153193.234	7689062.500	-0.443	A_raw
roc|30<-2 & macdneg|19/39/9<-0.0005 & rsi|14<40	15:59	0	5	25095.934	153193.234	7689062.500	-0.443	A_raw
macdneg|19/39/9<-0.001 & roc|10<-0.5	15:59	15	5	16168.235	206227.016	6668667.500	-0.809	A_raw
macdneg|19/39/9<-0.001 & dow|not_mon & roc|10<-0.5	15:59	15	5	52699.645	60008.926	6324904.500	-0.796	A_raw
roc|30<-2 & dow|not_thu & macdneg|19/39/9<-0.0	14:00	0	5	14908.108	208735.078	6223687.500	-0.535	A_raw
roc|30<-2 & dow|not_thu & macdneg|19/39/9<-0.0	14:00	15	5	14908.108	208735.078	6223687.500	-0.535	A_raw
roc|60<-2 & macdneg|19/39/9<-0.0005 & intraday|<-0.5	15:59	0	5	135283.031	22458.379	6076467.000	-0.595	A_raw
roc|60<-2 & macdneg|19/39/9<-0.0005 & intraday|<-0.5	15:59	15	5	135283.031	22458.379	6076467.000	-0.595	A_raw
roc|40<-0.5 & macdneg|19/39/9<-0.0005 & stoch|40<30	15:59	15	5	20826.244	131150.953	5462766.000	-0.802	A_raw
roc|40<-0.5 & macdneg|19/39/9<-0.0005 & bb|40<-0.5	15:59	0	5	6038.391	444888.469	5372824.000	-0.834	A_raw
roc|60<-2 & macdneg|19/39/9<-0.0005 & intraday|<-0.5	15:59	0	5	135283.031	22458.379	6076467.000	-0.595	B_train
roc|60<-2 & macdneg|19/39/9<-0.0005 & intraday|<-0.5	15:59	15	5	135283.031	22458.379	6076467.000	-0.595	B_train
macdneg|19/39/9<-0.0005 & ndays|down5 & rsi|9<45	12:30	4	5	109810.352	124.766	27401.217	-0.819	B_train
macdneg|19/39/9<-0.0005 & sma|<30d & roc|78<-1	15:59	0	5	108000.367	7704.147	1664101.250	-0.515	B_train
macdneg|19/39/9<-0.0005 & sma|<30d & roc|78<-1	15:59	15	5	108000.367	2968.270	641148.188	-0.748	B_train
macdneg|19/39/9<-0.0005 & dow|not_mon & stoch|21<30	15:59	4	5	106433.062	427.212	90938.781	-0.900	B_train
macdneg|19/39/9<-0.0005 & dow|not_mon & rsi|9<45	12:30	4	5	104018.508	595.424	123870.273	-0.928	B_train
bb|120<-0.5 & macdneg|19/39/9<-0.0005 & intraday|<-0.5	15:59	15	5	103860.016	5353.054	1111935.875	-0.773	B_train
bb|120<-0.5 & macdneg|19/39/9<-0.0005 & intraday|<-0.5	15:59	0	5	103860.016	13893.857	2886028.500	-0.773	B_train
macdneg|19/39/9<-0.0005 & sma|<30d & roc|78<-1.5	15:59	0	5	99027.109	7704.147	1525837.750	-0.515	B_train
macdneg|19/39/9<-0.0005 & sma|<30d & roc|78<-1.5	15:59	15	5	99027.109	2968.270	587877.812	-0.748	B_train
macdneg|19/39/9<-0.0005 & sma|<100d & roc|78<-1	15:59	0	5	97146.211	6057.908	1177005.000	-0.432	B_train
macdneg|19/39/9<-0.0005 & sma|<100d & roc|78<-1	15:59	15	5	97146.211	6057.908	1177005.000	-0.432	B_train
roc|60<-2 & macdneg|19/39/9<-0.0005 & intraday|<-0.5	15:59	10	5	95936.266	4924.904	944954.000	-0.580	B_train
macdneg|19/39/9<-0.0005 & sma|<30d & intraday|<-0.5	15:59	15	5	94502.875	3256.830	615559.188	-0.748	B_train
roc|60<-2 & macdneg|19/39/9<-0.0005 & intraday|<-0.5	15:59	15	5	135283.031	22458.379	6076467.000	-0.595	C_robust
roc|60<-2 & macdneg|19/39/9<-0.0005 & intraday|<-0.5	15:59	0	5	135283.031	22458.379	6076467.000	-0.595	C_robust
roc|60<-2 & macdneg|19/39/9<-0.0005 & intraday|<-1	15:59	0	5	88725.391	22458.379	3985249.500	-0.595	C_robust
roc|60<-2 & macdneg|19/39/9<-0.0005 & intraday|<-1	15:59	15	5	88725.391	22458.379	3985249.500	-0.595	C_robust
roc|60<-1.5 & macdneg|19/39/9<-0.0005 & intraday|<-0.5	15:59	0	5	84578.555	21102.807	3569684.500	-0.595	C_robust
roc|60<-1.5 & macdneg|19/39/9<-0.0005 & intraday|<-0.5	15:59	15	5	84578.555	21102.807	3569684.500	-0.595	C_robust
macdneg|19/39/9<-0.0005 & ndays|down5 & roc|78<-1	15:59	15	5	89862.906	6811.296	1224165.750	-0.549	C_robust
macdneg|19/39/9<-0.0005 & ndays|down5 & intraday|<-0.5	15:59	15	5	91640.273	6811.296	1248378.125	-0.549	C_robust
macdneg|19/39/9<-0.0005 & ndays|down5 & roc|78<-1.5	15:59	15	5	79100.250	6811.296	1077550.500	-0.549	C_robust
roc|60<-1.5 & macdneg|19/39/9<-0.0005 & dow|not_mon	15:59	15	5	77872.734	12904.344	2009790.625	-0.546	C_robust
roc|234<-5 & macdneg|19/39/9<-0.0005 & dow|not_mon	15:59	0	5	70106.578	13896.835	1948518.750	-0.387	C_robust
roc|234<-5 & macdneg|19/39/9<-0.0005 & dow|not_mon	15:59	15	5	70106.578	13896.835	1948518.750	-0.387	C_robust
roc|234<-5 & macdneg|19/39/9<-0.0005 & bb|20<-0.5	15:59	0	5	68185.953	12874.036	1755657.625	-0.562	C_robust
macdneg|19/39/9<-0.001 & dow|not_mon & roc|78<-1	15:59	15	5	65760.258	6897.191	907121.125	-0.421	C_robust
macdneg|19/39/9<-0.0005 & sma|<100d & roc|78<-1	15:59	15	5	97146.211	6057.908	1177005.000	-0.432	C_robust
macdneg|19/39/9<-0.0005 & sma|<100d & roc|78<-1.5	15:59	15	5	79811.023	6057.908	966975.062	-0.432	C_robust
roc|60<-2 & macdneg|19/39/9<-0.0005 & intraday|<-0.5	15:59	15	4	65184.723	11992.127	1563406.500	-0.484	C_robust
roc|60<-2 & macdneg|19/39/9<-0.0005 & intraday|<-0.5	15:59	0	4	65184.723	11992.127	1563406.500	-0.484	C_robust
roc|60<-2 & macdneg|19/39/9<-0.0005 & rsi|14<45	15:59	0	5	64739.684	22994.391	2977294.250	-0.595	C_robust
roc|60<-2 & macdneg|19/39/9<-0.0005 & rsi|14<45	15:59	15	5	64739.684	22994.391	2977294.250	-0.595	C_robust
roc|60<-2 & macdneg|19/39/9<-0.0005 & bb|60<-0.5	15:59	0	5	64280.152	22994.391	2956162.500	-0.595	C_robust
roc|60<-2 & macdneg|19/39/9<-0.0005 & bb|60<-0.5	15:59	15	5	64280.152	22994.391	2956162.500	-0.595	C_robust
roc|60<-2 & macdneg|19/39/9<-0.0005 & bb|20<-0.5	15:59	0	5	63695.039	22994.391	2929252.250	-0.595	C_robust
roc|60<-2 & macdneg|19/39/9<-0.0005 & bb|20<-0.5	15:59	15	5	63695.039	22994.391	2929252.250	-0.595	C_robust
kelt|40<-2.0 & macdneg|19/39/9<-0.0005 & ndays|down3	15:59	15	5	83267.914	5957.660	992164.625	-0.512	C_robust
